<?xml version="1.0"?>

<BFSM>
	<GoalSet id="0">
		<Goal type="point" id="0" x="10" y="0.0"/>
        <Goal type="point" id="1" x="5.0" y="-5.0"/>
		<Goal type="point" id="2" x="0.0" y="0.0"/>
        
	</GoalSet>

    <VelModifier type="formation" file_name="squareForm.txt" />
    <State name="Walk1" final="0" >
        <GoalSelector type="explicit" goal_set="0" goal="0" />
        <VelComponent type="goal" />
    </State>
	
    <State name="Walk2" final="0" >
        <GoalSelector type="explicit" goal_set="0" goal="1" />
        <VelComponent type="goal" />
    </State>
	
    <State name="Walk3" final="0" >
        <GoalSelector type="explicit" goal_set="0" goal="2" />
        <VelComponent type="goal" />
    </State>

    
    
    <Transition from="Walk1" to="Walk2" >
        <Condition type="timer"  dist="c" value="10" per_agent="0" />
    </Transition>
    <Transition from="Walk2" to="Walk3" >
        <Condition type="timer"  dist="c" value="10" per_agent="0" />
    </Transition>
    <Transition from="Walk3" to="Walk1" >
        <Condition type="timer"  dist="c" value="10" per_agent="0" />
    </Transition>
   
	
	
</BFSM>
