<?xml version="1.0"?>

<Experiment version="2.0">
	<SpatialQuery type="kd-tree" test_visibility="false" />
	
    <OpenSteer max_force="8" leak_through="0.1" reaction_time="0.5" />
    <Common time_step="0.1" />
    <GCF reaction_time="0.5" max_agent_dist="2" max_agent_force="3" agent_interp_width="0.1" agent_force_strength="0.35" />
    <Helbing agent_scale="2000" obstacle_scale="4000" reaction_time="0.5" body_force="1200" friction="2400" force_distance="0.015" />
    <Johansson agent_scale="25" obstacle_scale="35" reaction_time="0.5" force_distance="0.15" stride_time="0.5" />
    <Karamouzas orient_weight="0.8" fov="200" reaction_time="0.4" wall_steepness="2" wall_distance="2" colliding_count="5" d_min="1" d_mid="8" d_max="10" agent_force="4" />
    <Zanlungo agent_scale="2000" obstacle_scale="4000" reaction_time="0.5" force_distance="0.005" />
	<Dummy stddev="0.05" />

    <AgentProfile name="group1" >
		<OpenSteer tau="3" tauObst="6" />
        <Common max_angle_vel="360" max_neighbors="10" obstacleSet="1" neighbor_dist="5" r="0.19" class="1" pref_speed="1.04" max_speed="2" max_accel="5" priority="0.0"/>
        <GCF stand_depth="0.18" move_scale="0.53" slow_width="0.25" sway_change="0.05" />
        <Helbing mass="80" />
        <Johansson fov_weight="0.16" />
        <Karamouzas personal_space="0.69" anticipation="8" />
        <ORCA tau="3.0" tauObst="0.15" />
        <PedVO factor="1.57" buffer="0.9" tau="3" tauObst="0.1" turningBias="1.0" />
        <Zanlungo mass="80" />
	</AgentProfile>
    
    <AgentGroup>
        <ProfileSelector type="const" name="group1" />
		<StateSelector type="const" name="Walk1" />
		<Generator type="explicit" >
           <Agent p_x="2.0" p_y="2.0" />
           <Agent p_x="-2.0" p_y="2.0" />
		<Agent p_x="0" p_y="2.0" />
           <Agent p_x="-2.0" p_y="0" />
		<Agent p_x="0" p_y="0" />
           <Agent p_x="2.0" p_y="0" />
            <Agent p_x="-2.0" p_y="-2.0" />
            <Agent p_x="0" p_y="-2.0" />
            <Agent p_x="2.0" p_y="-2.0" />
		</Generator>
    </AgentGroup>


</Experiment>
