<?xml version="1.0"?>

<BFSM>
		
		<State name="Walk1" final="0" >
			<GoalSelector type="mirror" mirror_x="1"/>
			<VelComponent type="goal" />
		</State>
		<State name="Walk2" final="0" >
			<GoalSelector type="mirror" mirror_y="1"/>
			<VelComponent type="goal" />
		</State>
		<State name="Stop" final="1" >
			<GoalSelector type="identity" />
			<VelComponent type="goal" />
		</State>
		<Transition from="Walk1,Walk2" to="Stop" >
			<Condition type="goal_reached" distance="0.05" />
		</Transition>
</BFSM>
